<?xml version="1.0" encoding="UTF-8"?>
<krpano version="1.19">

  <!-- Fullscreen Management -->
  <action name="exitFullScreen" devices="fullscreensupport">set(tour_fullscreen,false);set(fullscreen,false);</action>
  <action name="enterFullScreen" devices="fullscreensupport">set(tour_fullscreen,true);set(fullscreen,true);</action>
  <action name="switchFullScreen">if(tour_fullscreen,exitFullScreen();,enterFullScreen(););</action>

  
  <events name="krpanoExitFullscreenEvent"
    onexitfullscreen="if(tour_fullscreen,exitFullScreenChangeEvent(););"
    keep="true" />

  <action name="exitFullScreenChangeEvent" devices="fullscreensupport">set(tour_fullscreen,false);events.dispatch(onexitfullscreen);</action>

</krpano>