<?xml version="1.0" encoding="UTF-8"?>
<krpano version="1.19">

<!-- ********** -->
<!-- Docked Thumbnails &amp; Control Bar -->
<!-- id : controlBar_dockedThumbnails -->
<!-- ********** -->

<krpano controlBar_dockedThumbnailsbarbuilt="false" controlBar_dockedThumbnailsIsOpened="false" />

<events name="controlBar_dockedThumbnailsbarevents" 
	onxmlcomplete="controlBar_dockedThumbnailsbuildMenuBar();"


	
	keep="true"/>



<action name="controlBar_dockedThumbnailsbuildMenuBar">
	ifnot (controlBar_dockedThumbnailsbarbuilt, controlBar_dockedThumbnailsbuildMenu(); set(controlBar_dockedThumbnailsbarbuilt, true););
</action>



<action name="controlBar_dockedThumbnailsbuildMenu">
	
    set(controlBar_dockedThumbnailsbutton_pos, 0);


      if (device.fullscreensupport,
        set(layer[controlBar_dockedThumbnailsbtn_openfs].x, get(controlBar_dockedThumbnailsbutton_pos));
        set(layer[controlBar_dockedThumbnailsbtn_closefs].x, get(controlBar_dockedThumbnailsbutton_pos));
        set(layer[controlBar_dockedThumbnailsbtn_openfs_bg ].x, get(controlBar_dockedThumbnailsbutton_pos));
        set(layer[controlBar_dockedThumbnailsbtn_closefs_bg].x, get(controlBar_dockedThumbnailsbutton_pos));
        inc(controlBar_dockedThumbnailsbutton_pos, 36);
      );




      set(layer[controlBar_dockedThumbnailsbtn_autotour_on].x , get(controlBar_dockedThumbnailsbutton_pos));
      set(layer[controlBar_dockedThumbnailsbtn_autotour_on_bg].x , get(controlBar_dockedThumbnailsbutton_pos));
      set(layer[controlBar_dockedThumbnailsbtn_autotour_off].x, get(controlBar_dockedThumbnailsbutton_pos));
      set(layer[controlBar_dockedThumbnailsbtn_autotour_off_bg].x, get(controlBar_dockedThumbnailsbutton_pos));
      inc(controlBar_dockedThumbnailsbutton_pos, 36);



      if(plugin[ptpvrmode] AND device.html5,
        set(layer[controlBar_dockedThumbnailsbtn_enter_vr].x, get(controlBar_dockedThumbnailsbutton_pos));
        set(layer[controlBar_dockedThumbnailsbtn_enter_vr_bg].x, get(controlBar_dockedThumbnailsbutton_pos));
        set(layer[controlBar_dockedThumbnailsbtn_enter_vr_not].x, get(controlBar_dockedThumbnailsbutton_pos));
        set(layer[controlBar_dockedThumbnailsbtn_enter_vr_bg_not].x, get(controlBar_dockedThumbnailsbutton_pos));
        inc(controlBar_dockedThumbnailsbutton_pos, 36);
      );






	
	
	
</action>

<events name="controlBar_dockedThumbnailsStartTourEvents" onTourStart="controlBar_dockedThumbnailsCallOnStartTour();" keep="true" />

<action name="controlBar_dockedThumbnailsCallOnStartTour">
	
	controlBar_dockedThumbnailsshowMenuControls();
</action>




    <layer name="controlBar_dockedThumbnails_bg"
           keep="true"
           url="%FIRSTXML%/graphics/dockedthumbscontrolbar/footer.png"
           zorder="1"
           width="100%"
           align="bottomleft"
           x="0"
           visible="false" />

    <style name="controlBar_dockedThumbnails_btn_style_bg"
            keep="true"
            parent="controlBar_dockedThumbnails_bg"
            crop="0|0|48|48"
            url="%FIRSTXML%/graphics/dockedthumbscontrolbar/btn_bg.png"
            align="bottomright"
            height="36"
            width="36"
            alpha="0.3"
            y="12"
            zorder="0"
            />
    <style name="controlBar_dockedThumbnails_btn_style_bg_off"
            keep="true"
            parent="controlBar_dockedThumbnails_bg"
            crop="0|0|48|48"
            url="%FIRSTXML%/graphics/dockedthumbscontrolbar/btn_bg.png"
            align="bottomright"
            height="36"
            width="36"
            alpha="0.3"
            y="12"
            zorder="0"
            />

    <style name="controlBar_dockedThumbnails_btn_style_on_bg"
           keep="true"
           parent="controlBar_dockedThumbnails_bg"
           crop="0|48|48|48"
           url="%FIRSTXML%/graphics/dockedthumbscontrolbar/btn_bg.png"
           align="bottomright"
           height="36"
           width="36"
           alpha="0.3"
           y="12"
           zorder="0"
           />
    <style name="controlBar_dockedThumbnails_btn_style_on_bg_off"
           keep="true"
           parent="controlBar_dockedThumbnails_bg"
           crop="0|0|48|48"
           url="%FIRSTXML%/graphics/dockedthumbscontrolbar/btn_bg.png"
           align="bottomright"
           height="36"
           width="36"
           alpha="0.3"
           y="12"
           zorder="0"
           />

    <style name="controlBar_dockedThumbnails_btn_down_style"
           keep="true"
           parent="controlBar_dockedThumbnails_bg"
                 crop="0| 0|48|48"
           onovercrop="0|48|48|48"
           ondowncrop="0|96|48|48"
           align="bottomright"
           height="36"
           width="36"
           x="0" y="12"
           zorder="1"
           onhover="showTooltip('plugin',controlBar_dockedThumbnailsmenuTooltipStyle);"
           onover="controlBar_dockedThumbnailsctrl_btn_onoveraction"
           onout="controlBar_dockedThumbnailsctrl_btn_onoutaction"
           />

    <style name="controlBar_dockedThumbnails_btn_style"
           keep="true"
           parent="controlBar_dockedThumbnails_bg"
                 crop="0| 0|48|48"
           onovercrop="0|48|48|48"
           ondowncrop="0|96|48|48"
           align="bottomright"
           height="36"
           width="36"
           x="0" y="12"
           zorder="1"
           onhover="showTooltip('plugin',controlBar_dockedThumbnailsmenuTooltipStyle);"
           onover="controlBar_dockedThumbnailsctrl_btn_onoveraction"
           ondown="controlBar_dockedThumbnailsctrl_btn_ondownaction"
           onout="controlBar_dockedThumbnailsctrl_btn_onoutaction"
           />
    <style name="controlBar_dockedThumbnails_btn_style_off"
           keep="true"
           parent="controlBar_dockedThumbnails_bg"
           align="bottomright"
           height="36"
           width="36"
           x="0" y="12"
           zorder="1"
           onhover="showTooltip('plugin',controlBar_dockedThumbnailsmenuTooltipStyle);"
           onout="hideTooltip();"
           />

  <action name="controlBar_dockedThumbnailsctrl_btn_onoveraction">
    txtadd(btn_bg_name, get(name), "_bg");
    set(layer[get(btn_bg_name)].crop, "0|48|48|48");
  </action>

  <action name="controlBar_dockedThumbnailsctrl_btn_ondownaction">
    txtadd(btn_bg_name, get(name), "_bg");
    set(layer[get(btn_bg_name)].crop, "0|96|48|48");
  </action>

  <action name="controlBar_dockedThumbnailsctrl_btn_onoutaction">
    txtadd(btn_bg_name, get(name), "_bg");
    set(layer[get(btn_bg_name)].crop, "0|0|48|48");
    hideTooltip();
  </action>

    <style name="controlBar_dockedThumbnails_btn_style_on"
            keep="true"
            parent="controlBar_dockedThumbnails_bg"
                  crop="0|48|48|48"
            onovercrop="0|48|48|48"
            ondowncrop="0|96|48|48"
            align="bottomright"
            height="36"
            width="36"
            y="12"
            zorder="1"
            onhover="showTooltip('plugin',controlBar_dockedThumbnailsmenuTooltipStyle);" 
            onout="hideTooltip();"
            />
    <style name="controlBar_dockedThumbnails_btn_style_on_off"
            keep="true"
            parent="controlBar_dockedThumbnails_bg"
            align="bottomright"
            height="36"
            width="36"
            y="12"
            zorder="1"
            onhover="showTooltip('plugin',controlBar_dockedThumbnailsmenuTooltipStyle);" 
            onout="hideTooltip();"
            />





<events name="controlBar_dockedThumbnailsvravailableevent"
		onvravailable="controlBar_dockedThumbnailsupdateVrButtonsAvailability();"
		onvrunavailable="controlBar_dockedThumbnailsupdateVrButtonsAvailability();"
		keep="true" devices="html5" />
	<krpano controlBar_dockedThumbnailsmenuvravailable="false" />
	<action name="controlBar_dockedThumbnailsupdateVrButtonsAvailability">
		if (tour_vrdevices,
			set(controlBar_dockedThumbnailsmenuvravailable, true);
		,
			set(controlBar_dockedThumbnailsmenuvravailable, false);
		);
		controlBar_dockedThumbnailsupdateVrButtons();
	</action>
	<action name="controlBar_dockedThumbnailsHideVrButtons">
		set(layer[controlBar_dockedThumbnailsbtn_enter_vr].visible, false);
		set(layer[controlBar_dockedThumbnailsbtn_enter_vr_bg].visible, false);
		if('%1' == 'true' AND plugin[ptpvrmode],
			set(layer[controlBar_dockedThumbnailsbtn_enter_vr_not].visible, true);
			set(layer[controlBar_dockedThumbnailsbtn_enter_vr_bg_not].visible, true);
		,
			set(layer[controlBar_dockedThumbnailsbtn_enter_vr_not].visible, false);
			set(layer[controlBar_dockedThumbnailsbtn_enter_vr_bg_not].visible, false);
		);
	</action>
	<action name="controlBar_dockedThumbnailsShowVrButtons">
		if (controlBar_dockedThumbnailsmenuvravailable,
			set(layer[controlBar_dockedThumbnailsbtn_enter_vr].visible, true);
			set(layer[controlBar_dockedThumbnailsbtn_enter_vr_bg].visible, true);
			set(layer[controlBar_dockedThumbnailsbtn_enter_vr_not].visible, false);
			set(layer[controlBar_dockedThumbnailsbtn_enter_vr_bg_not].visible, false);
		,
			controlBar_dockedThumbnailsHideVrButtons(true);
		);
	</action>
	<action name="controlBar_dockedThumbnailsupdateVrButtons">
	if (tour_vrdevices,
		if (controlBar_dockedThumbnailsIsOpened,
			controlBar_dockedThumbnailsShowVrButtons();
		,
			controlBar_dockedThumbnailsHideVrButtons();
		);
	,
		if (controlBar_dockedThumbnailsIsOpened,
			controlBar_dockedThumbnailsHideVrButtons(true);
		,
			controlBar_dockedThumbnailsHideVrButtons();
		);
	);
	</action>

    <layer name="controlBar_dockedThumbnailsbtn_enter_vr_bg" style="controlBar_dockedThumbnails_btn_style_bg" visible="false" />
    <layer name="controlBar_dockedThumbnailsbtn_enter_vr"
           url="%FIRSTXML%/graphics/dockedthumbscontrolbar/btn_vr_mode.png"
           onclick="js(accessWebVr());
"
           style="controlBar_dockedThumbnails_btn_style"
           visible="false"
           devices="html5"
           tooltip="controlBar_dockedThumbnailsenterVRTip"
           />
    <layer name="controlBar_dockedThumbnailsbtn_enter_vr_bg_not" style="controlBar_dockedThumbnails_btn_style_bg_off" visible="false" />
    <layer name="controlBar_dockedThumbnailsbtn_enter_vr_not"
           url="%FIRSTXML%/graphics/dockedthumbscontrolbar/btn_vr_mode_off.png"
           style="controlBar_dockedThumbnails_btn_style_off"
           tooltip="controlBar_dockedThumbnailsenterVRNotTip"
           enabled="true"
           capture="false"
           visible="false"
           devices="html5"
           />






    <layer name="controlBar_dockedThumbnailsbtn_openfs_bg" style="controlBar_dockedThumbnails_btn_style_bg" visible="false" devices="fullscreensupport" />
    <layer name="controlBar_dockedThumbnailsbtn_openfs"
           url="%FIRSTXML%/graphics/dockedthumbscontrolbar/btn_enter_fs.png"
           onclick="enterFullscreen();
"
           style="controlBar_dockedThumbnails_btn_style"
           visible="false"
           tooltip="controlBar_dockedThumbnailsopenFsTip"
           devices="fullscreensupport"
           />
    <layer name="controlBar_dockedThumbnailsbtn_closefs_bg" style="controlBar_dockedThumbnails_btn_style_on_bg" visible="false" devices="fullscreensupport" />
    <layer name="controlBar_dockedThumbnailsbtn_closefs"
           url="%FIRSTXML%/graphics/dockedthumbscontrolbar/btn_close_fs.png"
           onclick="exitFullscreen();
"
           style="controlBar_dockedThumbnails_btn_style_on"
           visible="false"
           tooltip="controlBar_dockedThumbnailscloseFsTip"
           devices="fullscreensupport"
           />


    <layer name="controlBar_dockedThumbnailsbtn_autotour_on_bg" style="controlBar_dockedThumbnails_btn_style_bg" visible="false" />
    <layer name="controlBar_dockedThumbnailsbtn_autotour_on"
           url="%FIRSTXML%/graphics/dockedthumbscontrolbar/btn_start_automatic_tour.png"
           onclick="startautotour();
"
           style="controlBar_dockedThumbnails_btn_style"
           visible="false"
            tooltip="controlBar_dockedThumbnailsautotourOnTip"
           />
    <layer name="controlBar_dockedThumbnailsbtn_autotour_off_bg" style="controlBar_dockedThumbnails_btn_style_on_bg" visible="false" />
    <layer name="controlBar_dockedThumbnailsbtn_autotour_off"
           url="%FIRSTXML%/graphics/dockedthumbscontrolbar/btn_stop_automatic_tour.png"
           onclick="stopautotour();
"
           style="controlBar_dockedThumbnails_btn_style_on"
           visible="false"
           tooltip="controlBar_dockedThumbnailsautotourOffTip"
           />





<action name="controlBar_dockedThumbnailshideMenuControls">
	set(controlBar_dockedThumbnailsIsOpened, false);
	set(layer[controlBar_dockedThumbnails_bg].visible, false);

		controlBar_dockedThumbnailsupdateAutotourButtons();
		controlBar_dockedThumbnailsupdateVrButtons();

		controlBar_dockedThumbnailsupdateFullscreenButtons();
</action>
<action name="controlBar_dockedThumbnailsshowMenuControls">
	set(controlBar_dockedThumbnailsIsOpened, true);
      controlBar_dockedThumbnailsupdateFullscreenButtons();

      controlBar_dockedThumbnailsupdateAutotourButtons();
	controlBar_dockedThumbnailsupdateVrButtons();

      set(layer[controlBar_dockedThumbnails_bg].visible, true);
	
	
</action>



	<events name="controlBar_dockedThumbnailsmenufullscreenchangeevent"
		onenterfullscreen="controlBar_dockedThumbnailsupdateFullscreenButtons();"
		onexitfullscreen="controlBar_dockedThumbnailsupdateFullscreenButtons();"
		keep="true"/>
	<action name="controlBar_dockedThumbnailsHideFullscreenButtons">
		set(layer[controlBar_dockedThumbnailsbtn_openfs].visible , false);
		set(layer[controlBar_dockedThumbnailsbtn_closefs].visible, false);
		set(layer[controlBar_dockedThumbnailsbtn_openfs_bg].visible, false);
		set(layer[controlBar_dockedThumbnailsbtn_closefs_bg].visible, false);
	</action>
	<action name="controlBar_dockedThumbnailsShowFullscreenButtons">
		if (device.fullscreensupport,
			if(tour_fullscreen,
				set(layer[controlBar_dockedThumbnailsbtn_openfs].visible , false);
				set(layer[controlBar_dockedThumbnailsbtn_closefs].visible, true);
				set(layer[controlBar_dockedThumbnailsbtn_openfs_bg].visible, false);
				set(layer[controlBar_dockedThumbnailsbtn_closefs_bg].visible, true);
			,
				set(layer[controlBar_dockedThumbnailsbtn_openfs].visible ,true);
				set(layer[controlBar_dockedThumbnailsbtn_closefs].visible,false);
				set(layer[controlBar_dockedThumbnailsbtn_openfs_bg].visible, true);
				set(layer[controlBar_dockedThumbnailsbtn_closefs_bg].visible, false);
			);
		,
			controlBar_dockedThumbnailsHideFullscreenButtons();
		);
	</action>
	<action name="controlBar_dockedThumbnailsupdateFullscreenButtons">
		if (controlBar_dockedThumbnailsIsOpened,
			controlBar_dockedThumbnailsShowFullscreenButtons();
		,
			controlBar_dockedThumbnailsHideFullscreenButtons();
		);
	</action>


	<events name="controlBar_dockedThumbnailsAutotourEvents"
		onstartautotour="controlBar_dockedThumbnailsupdateAutotourButtons();"
		onstopautotour="controlBar_dockedThumbnailsupdateAutotourButtons();"
		keep="true"/>
	<action name="controlBar_dockedThumbnailsHideAutotourButtons">
		set(layer[controlBar_dockedThumbnailsbtn_autotour_off].visible, false);
		set(layer[controlBar_dockedThumbnailsbtn_autotour_on].visible , false);
		set(layer[controlBar_dockedThumbnailsbtn_autotour_off_bg].visible, false);
		set(layer[controlBar_dockedThumbnailsbtn_autotour_on_bg].visible, false);
	</action>
	<action name="controlBar_dockedThumbnailsShowAutotourButtons">
		if (tour_autotourenabled == false,
			set(layer[controlBar_dockedThumbnailsbtn_autotour_off].visible, false);
			set(layer[controlBar_dockedThumbnailsbtn_autotour_on].visible , true);
			set(layer[controlBar_dockedThumbnailsbtn_autotour_off_bg].visible, false);
			set(layer[controlBar_dockedThumbnailsbtn_autotour_on_bg].visible, true);
		,
			set(layer[controlBar_dockedThumbnailsbtn_autotour_off].visible, true);
			set(layer[controlBar_dockedThumbnailsbtn_autotour_on].visible , false);
			set(layer[controlBar_dockedThumbnailsbtn_autotour_off_bg].visible, true);
			set(layer[controlBar_dockedThumbnailsbtn_autotour_on_bg].visible, false);
		);
	</action>
	<action name="controlBar_dockedThumbnailsupdateAutotourButtons">
		if (controlBar_dockedThumbnailsIsOpened,
			controlBar_dockedThumbnailsShowAutotourButtons();
		,
			controlBar_dockedThumbnailsHideAutotourButtons();
		);
	</action>


	<layer name="controlBar_dockedThumbnailsmenuTooltipStyle"
	keep="true"
	enabled="false"
	capture="false"
	url="%FIRSTXML%/graphics/textfield.swf"
	align="center"
	background="true"
	backgroundcolor="0xd2d2d2"
	backgroundalpha="0.80000000000000004"
	border="false"
	css="color:#000000;font-family:Arial;font-weight:bold;font-size:14px;text-align:left;"
	height="20"
	autoheight="true"
	autowidth="auto"
	edge="bottom"
	selectable="false"
	zorder="0"
	padding="2"
	xoffset="0"
	yoffset="0"
	visible="false"
	html=""
	/>


  <!-- Fullscreen Management -->
  <action name="exitFullScreen" devices="fullscreensupport">set(tour_fullscreen,false);set(fullscreen,false);</action>
  <action name="enterFullScreen" devices="fullscreensupport">set(tour_fullscreen,true);set(fullscreen,true);</action>
  <action name="switchFullScreen">if(tour_fullscreen,exitFullScreen();,enterFullScreen(););</action>

  
  <events name="krpanoExitFullscreenEvent"
    onexitfullscreen="if(tour_fullscreen,exitFullScreenChangeEvent(););"
    keep="true" />

  <action name="exitFullScreenChangeEvent" devices="fullscreensupport">set(tour_fullscreen,false);events.dispatch(onexitfullscreen);</action>

	<!-- WebVR plugin for VR availability tests -->

	<plugin name="ptpvrmode" devices="html5" keep="true"
		url="%FIRSTXML%/graphics/webvr.js"
		mobilevr_support="true"
		mobilevr_fake_support="false"
		vr_cursor=""
		vr_cursor_enabled="false"
		onavailable="delayedcall(1, checkVrAvailability(););"
		onunavailable="checkVrUnavailable();"
		/>
	<action name="checkVrAvailability">
		if(plugin[ptpvrmode],
			if (plugin[ptpvrmode].isavailable,
				set(tour_vrdevices, true);
				events.dispatch(onvravailable);
			,
				set(tour_vrdevices, false);
			);
		,
			checkVrUnavailable();
		);
	</action>
	<action name="checkVrUnavailable">
		set(tour_vrdevices, false);
		events.dispatch(onvrunavailable);
	</action>
</krpano>