<?xml version="1.0" encoding="UTF-8"?>
<krpano version="1.19"
        onstart="startup"
        logkey="false"
        bgcolor="#ffffff"
        projectfloorplanurl=""
        projecttitleid="project_title"
        projectdescriptionid="">


  <security cors="">
    <!--
    <crossdomainxml url="http://RESSOURCES_URL/crossdomain.xml" />
    -->
    <allowdomain domain="*" />
  </security>

  <krpano tour_firststartactiondone="false" />
  <events name="startbehavioursevents" onxmlcomplete="startbehavioursxmlcompleteaction();" keep="true"/>

  <!-- generated by Panotour Pro V2.5.1 64bits : 13-07-2017 18-50-53 -->
  <!-- Plugins and Spot Styles -->
  <include url="%FIRSTXML%/index_skin_vr.xml"/>
  <!-- Core actions -->
  <include url="%FIRSTXML%/index_core_vr.xml"/>
  <!-- Tour Messages -->
  <include url="%FIRSTXML%/index_messages_en.xml"/>

  <action name="startup">

    if (s !== null, if (startscene === null, set(startscene, get(s));); );
    if (startscene === null,
      set(startscene, pano23);
    );
    mainloadsceneStartup(get(startscene));
    if (h !== null,
      if (v !== null,
        if (f !== null,
          lookat(get(h), get(v), get(f));
         ,
          lookat(get(h), get(v));
        );
      ,
        if (f !== null,
          lookat(get(h), get(view.vlookat), get(f));
         ,
          lookat(get(h), get(view.vlookat));
        );
      );
    ,
      if (v !== null,
        if (f !== null,
          lookat(get(view.hlookat), get(v), get(f));
         ,
          lookat(get(view.hlookat), get(v));
        );
      ,
        if (f !== null,
          lookat(get(view.hlookat), get(view.vlookat), get(f));
        );
      );
    );
  </action>

  <!-- 1 Groups -->

  <!-- Group Group 24 : 1 panoramas -->
  

<!-- **** @PanoName="Reception" @PanoFile="D:/DARBAS/A3d/Silkroad/Park House/DEMISE C UPDATE/360 C 2.jpg" **** -->
<!-- **** Width="5000px" Height="2500px" **** -->
<scene name="pano23"
       heading="0"
       thumburl="%FIRSTXML%/_360_c_2_23/thumbnail.jpg"
       backgroundsound=""
       backgroundsoundloops="0"
       haspolygons="false"
       titleid="pano23_title"
       descriptionid=""
       multires="true"
       planar="false"
       full360="true"
       video="false"
       seen="false">

    <autorotate horizon="0.000000" tofov="90.000000" waittime="1" speed="5"/>


    <panoview h="0.000000" v="0.000000" fov="90.000000" hmin="-180" hmax="180" vmin="-90" vmax="90" fovmax="90" />

    <view fisheye="0"
          limitview="range"
          hlookatmin="-180"
          hlookatmax="180"
          vlookatmin="-90"
          vlookatmax="90"
          maxpixelzoom="1.0"
          fovtype="VFOV"
          fovmax="90"
          fov="90.000000"
          hlookat="0.000000"
          vlookat="0.000000"/>

    <preview url="%FIRSTXML%/_360_c_2_23/preview.jpg" type="CUBESTRIP" striporder="FRBLUD" />


    <image type="CUBE" multires="true" baseindex="0" tilesize="512" devices="!androidstock|webgl">
      <level tiledimagewidth="2048" tiledimageheight="2048">
          <front url="_360_c_2_23/0/1/%v_%u.jpg"/>
          <right url="_360_c_2_23/1/1/%v_%u.jpg"/>
          <back  url="_360_c_2_23/2/1/%v_%u.jpg"/>
          <left  url="_360_c_2_23/3/1/%v_%u.jpg"/>
          <up    url="_360_c_2_23/4/1/%v_%u.jpg"/>
          <down  url="_360_c_2_23/5/1/%v_%u.jpg"/>
      </level>
      <level tiledimagewidth="1024" tiledimageheight="1024">
          <front url="_360_c_2_23/0/0/%v_%u.jpg"/>
          <right url="_360_c_2_23/1/0/%v_%u.jpg"/>
          <back  url="_360_c_2_23/2/0/%v_%u.jpg"/>
          <left  url="_360_c_2_23/3/0/%v_%u.jpg"/>
          <up    url="_360_c_2_23/4/0/%v_%u.jpg"/>
          <down  url="_360_c_2_23/5/0/%v_%u.jpg"/>
      </level>
    </image>
      <image type="CUBE" devices="androidstock.and.no-webgl">
        <front url="_360_c_2_23/mobile/0.jpg"/>
        <right url="_360_c_2_23/mobile/1.jpg"/>
        <back  url="_360_c_2_23/mobile/2.jpg"/>
        <left  url="_360_c_2_23/mobile/3.jpg"/>
        <up    url="_360_c_2_23/mobile/4.jpg"/>
        <down  url="_360_c_2_23/mobile/5.jpg"/>
      </image>




  <action name="setzorder2onstandardspots">
    if (device.html5,
      ifnot (device.desktop,


      );
    );
  </action>


</scene>


  <krpano nofullspherepanoavailable="false" />



</krpano>

